Tipo,Clave,Número de Documento,Código Cliente,Folio,Fecha de Documento,Último día mes Documento,Fecha de Vencimiento,Monto Documento,Número de Pago_SAP,Fecha de Pago,Monto Pago,Número de Pago,Importe Acumulado de Pagos,Importe Acumulado al Saldo
Factura,VENTA,F10000,C001,FOL-10000,2024-12-21,2024-12-28,2025-01-20,17012,P10000,2025-01-19,17012,P10000,17012,0
Factura,VENTA,F10001,C001,FOL-10001,2025-01-21,2025-01-28,2025-02-20,10848,P10001,2025-02-16,10848,P10001,10848,0
Factura,VENTA,F10002,C001,FOL-10002,2025-02-19,2025-02-28,2025-03-21,11070,P10002,2025-05-27,11070,P10002,11070,0
Factura,VENTA,F10003,C001,FOL-10003,2025-03-29,2025-03-28,2025-04-28,14515,P10003,2025-05-15,14515,P10003,14515,0
Factura,VENTA,F10004,C001,FOL-10004,2025-04-28,2025-04-28,2025-05-28,21746,P10004,,0,P10004,0,21746
Factura,VENTA,F10005,C001,FOL-10005,2025-05-20,2025-05-28,2025-06-19,13231,P10005,2025-06-24,13231,P10005,13231,0
Factura,VENTA,F10006,C001,FOL-10006,2025-06-23,2025-06-28,2025-07-23,13094,P10006,,0,P10006,0,13094
Factura,VENTA,F10007,C001,FOL-10007,2025-07-20,2025-07-28,2025-08-19,20449,P10007,,0,P10007,0,20449
Factura,VENTA,F10008,C001,FOL-10008,2025-08-22,2025-08-28,2025-09-21,9423,P10008,2025-10-03,9423,P10008,9423,0
Factura,VENTA,F10009,C001,FOL-10009,2025-09-18,2025-09-28,2025-10-18,20403,P10009,2025-12-10,20403,P10009,20403,0
Factura,VENTA,F10010,C001,FOL-10010,2025-10-22,2025-10-28,2025-11-21,14300,P10010,2025-11-17,14300,P10010,14300,0
Factura,VENTA,F10011,C001,FOL-10011,2025-11-19,2025-11-28,2025-12-19,17482,P10011,2025-12-21,17482,P10011,17482,0
Factura,VENTA,F10012,C002,FOL-10012,2025-02-08,2025-02-28,2025-03-10,17108,P10012,2025-03-16,17108,P10012,17108,0
Factura,VENTA,F10013,C002,FOL-10013,2025-03-06,2025-03-28,2025-04-05,20130,P10013,2025-04-21,20130,P10013,20130,0
Factura,VENTA,F10014,C002,FOL-10014,2025-04-07,2025-04-28,2025-05-07,10339,P10014,2025-05-07,10339,P10014,10339,0
Factura,VENTA,F10015,C002,FOL-10015,2025-05-11,2025-05-28,2025-06-10,16021,P10015,,0,P10015,0,16021
Factura,VENTA,F10016,C002,FOL-10016,2025-06-10,2025-06-28,2025-07-10,15196,P10016,2025-07-29,15196,P10016,15196,0
Factura,VENTA,F10017,C002,FOL-10017,2025-07-02,2025-07-28,2025-08-01,15505,P10017,2025-08-21,15505,P10017,15505,0
Factura,VENTA,F10018,C002,FOL-10018,2025-08-06,2025-08-28,2025-09-05,21145,P10018,2025-09-06,21145,P10018,21145,0
Factura,VENTA,F10019,C002,FOL-10019,2025-09-05,2025-09-28,2025-10-05,14967,P10019,2025-10-12,14967,P10019,14967,0
Factura,VENTA,F10020,C002,FOL-10020,2025-10-07,2025-10-28,2025-11-06,12681,P10020,2025-11-08,12681,P10020,12681,0
Factura,VENTA,F10021,C002,FOL-10021,2025-11-07,2025-11-28,2025-12-07,16609,P10021,2025-12-15,16609,P10021,16609,0
Factura,VENTA,F10022,C002,FOL-10022,2025-12-05,2025-12-28,2026-01-04,19861,P10022,,0,P10022,0,19861
Factura,VENTA,F10023,C002,FOL-10023,2025-12-30,2025-12-28,2026-01-29,9543,P10023,2026-01-28,9543,P10023,9543,0
Factura,VENTA,F10024,C003,FOL-10024,2024-06-11,2024-06-28,2024-07-11,10081,P10024,2024-07-25,10081,P10024,10081,0
Factura,VENTA,F10025,C003,FOL-10025,2024-07-12,2024-07-28,2024-08-11,16238,P10025,2024-08-06,16238,P10025,16238,0
Factura,VENTA,F10026,C003,FOL-10026,2024-08-05,2024-08-28,2024-09-04,16743,P10026,2024-09-09,16743,P10026,16743,0
Factura,VENTA,F10027,C003,FOL-10027,2024-09-04,2024-09-28,2024-10-04,17617,P10027,2024-10-13,17617,P10027,17617,0
Factura,VENTA,F10028,C003,FOL-10028,2024-10-03,2024-10-28,2024-11-02,16630,P10028,2024-11-21,16630,P10028,16630,0
Factura,VENTA,F10029,C003,FOL-10029,2024-11-04,2024-11-28,2024-12-04,24635,P10029,2024-12-19,24635,P10029,24635,0
Factura,VENTA,F10030,C003,FOL-10030,2024-12-06,2024-12-28,2025-01-05,24635,P10030,2025-01-04,24635,P10030,24635,0
Factura,VENTA,F10031,C003,FOL-10031,2025-01-06,2025-01-28,2025-02-05,13293,P10031,2025-02-24,13293,P10031,13293,0
Factura,VENTA,F10032,C003,FOL-10032,2025-02-08,2025-02-28,2025-03-10,8018,P10032,2025-03-20,8018,P10032,8018,0
Factura,VENTA,F10033,C003,FOL-10033,2025-03-02,2025-03-28,2025-04-01,11665,P10033,2025-04-21,11665,P10033,11665,0
Factura,VENTA,F10034,C003,FOL-10034,2025-04-05,2025-04-28,2025-05-05,15846,P10034,2025-07-15,15846,P10034,15846,0
Factura,VENTA,F10035,C003,FOL-10035,2025-05-02,2025-05-28,2025-06-01,23924,P10035,2025-06-20,23924,P10035,23924,0
Factura,VENTA,F10036,C004,FOL-10036,2020-04-03,2020-04-28,2020-05-03,12207,P10036,2020-05-15,12207,P10036,12207,0
Factura,VENTA,F10037,C004,FOL-10037,2020-05-03,2020-05-28,2020-06-02,16685,P10037,2020-06-16,16685,P10037,16685,0
Factura,VENTA,F10038,C004,FOL-10038,2020-06-06,2020-06-28,2020-07-06,14940,P10038,2020-07-25,14940,P10038,14940,0
Factura,VENTA,F10039,C004,FOL-10039,2020-07-03,2020-07-28,2020-08-02,18214,P10039,2020-08-18,18214,P10039,18214,0
Factura,VENTA,F10040,C004,FOL-10040,2020-08-04,2020-08-28,2020-09-03,22355,P10040,2020-09-12,22355,P10040,22355,0
Factura,VENTA,F10041,C004,FOL-10041,2020-08-30,2020-08-28,2020-09-29,16123,P10041,,0,P10041,0,16123
Factura,VENTA,F10042,C004,FOL-10042,2020-10-06,2020-10-28,2020-11-05,15540,P10042,2020-10-31,15540,P10042,15540,0
Factura,VENTA,F10043,C004,FOL-10043,2020-10-29,2020-10-28,2020-11-28,9929,P10043,2021-01-04,9929,P10043,9929,0
Factura,VENTA,F10044,C004,FOL-10044,2020-11-28,2020-11-28,2020-12-28,24847,P10044,,0,P10044,0,24847
Factura,VENTA,F10045,C004,FOL-10045,2021-01-04,2021-01-28,2021-02-03,12335,P10045,2021-02-16,12335,P10045,12335,0
Factura,VENTA,F10046,C004,FOL-10046,2021-02-02,2021-02-28,2021-03-04,15962,P10046,2021-03-24,15962,P10046,15962,0
Factura,VENTA,F10047,C004,FOL-10047,2021-03-03,2021-03-28,2021-04-02,14239,P10047,,0,P10047,0,14239
Factura,VENTA,F10048,C005,FOL-10048,2021-06-28,2021-06-28,2021-07-28,23303,P10048,2021-07-24,23303,P10048,23303,0
Factura,VENTA,F10049,C005,FOL-10049,2021-07-23,2021-07-28,2021-08-22,9986,P10049,2021-08-27,9986,P10049,9986,0
Factura,VENTA,F10050,C005,FOL-10050,2021-08-22,2021-08-28,2021-09-21,16147,P10050,,0,P10050,0,16147
Factura,VENTA,F10051,C005,FOL-10051,2021-09-26,2021-09-28,2021-10-26,14012,P10051,2021-10-28,14012,P10051,14012,0
Factura,VENTA,F10052,C005,FOL-10052,2021-10-21,2021-10-28,2021-11-20,22520,P10052,2021-12-02,22520,P10052,22520,0
Factura,VENTA,F10053,C005,FOL-10053,2021-11-20,2021-11-28,2021-12-20,9657,P10053,2022-01-01,9657,P10053,9657,0
Factura,VENTA,F10054,C005,FOL-10054,2021-12-19,2021-12-28,2022-01-18,11056,P10054,2022-01-20,11056,P10054,11056,0
Factura,VENTA,F10055,C005,FOL-10055,2022-01-20,2022-01-28,2022-02-19,21317,P10055,2022-02-20,21317,P10055,21317,0
Factura,VENTA,F10056,C005,FOL-10056,2022-02-23,2022-02-28,2022-03-25,9921,P10056,2022-04-29,9921,P10056,9921,0
Factura,VENTA,F10057,C005,FOL-10057,2022-03-23,2022-03-28,2022-04-22,22909,P10057,2022-05-09,22909,P10057,22909,0
Factura,VENTA,F10058,C005,FOL-10058,2022-04-26,2022-04-28,2022-05-26,23947,P10058,,0,P10058,0,23947
Factura,VENTA,F10059,C005,FOL-10059,2022-05-18,2022-05-28,2022-06-17,9997,P10059,2022-06-13,9997,P10059,9997,0
Factura,VENTA,F10060,C006,FOL-10060,2025-09-05,2025-09-28,2025-10-05,24477,P10060,2025-10-16,24477,P10060,24477,0
Factura,VENTA,F10061,C006,FOL-10061,2025-09-30,2025-09-28,2025-10-30,9863,P10061,2025-10-27,9863,P10061,9863,0
Factura,VENTA,F10062,C006,FOL-10062,2025-10-30,2025-10-28,2025-11-29,10245,P10062,2025-12-15,10245,P10062,10245,0
Factura,VENTA,F10063,C006,FOL-10063,2025-11-30,2025-11-28,2025-12-30,21230,P10063,,0,P10063,0,21230
Factura,VENTA,F10064,C006,FOL-10064,2025-12-27,2025-12-28,2026-01-26,10686,P10064,2026-02-08,10686,P10064,10686,0
Factura,VENTA,F10065,C006,FOL-10065,2026-02-03,2026-02-28,2026-03-05,18366,P10065,2026-03-06,18366,P10065,18366,0
Factura,VENTA,F10066,C006,FOL-10066,2026-03-02,2026-03-28,2026-04-01,15821,P10066,2026-03-31,15821,P10066,15821,0
Factura,VENTA,F10067,C006,FOL-10067,2026-03-31,2026-03-28,2026-04-30,22982,P10067,2026-05-19,22982,P10067,22982,0
Factura,VENTA,F10068,C006,FOL-10068,2026-04-27,2026-04-28,2026-05-27,8305,P10068,2026-06-09,8305,P10068,8305,0
Factura,VENTA,F10069,C006,FOL-10069,2026-05-27,2026-05-28,2026-06-26,10400,P10069,2026-07-07,10400,P10069,10400,0
Factura,VENTA,F10070,C007,FOL-10070,2024-10-01,2024-10-28,2024-10-31,10254,P10070,2024-11-06,10254,P10070,10254,0
Factura,VENTA,F10071,C007,FOL-10071,2024-10-30,2024-10-28,2024-11-29,13169,P10071,2024-12-11,13169,P10071,13169,0
Factura,VENTA,F10072,C007,FOL-10072,2024-11-29,2024-11-28,2024-12-29,8256,P10072,2025-01-10,8256,P10072,8256,0
Factura,VENTA,F10073,C007,FOL-10073,2024-12-29,2024-12-28,2025-01-28,11394,P10073,2025-01-27,11394,P10073,11394,0
Factura,VENTA,F10074,C007,FOL-10074,2025-01-28,2025-01-28,2025-02-27,11782,P10074,2025-03-17,11782,P10074,11782,0
Factura,VENTA,F10075,C007,FOL-10075,2025-03-03,2025-03-28,2025-04-02,13093,P10075,2025-04-16,13093,P10075,13093,0
Factura,VENTA,F10076,C007,FOL-10076,2025-03-28,2025-03-28,2025-04-27,19235,P10076,2025-07-11,19235,P10076,19235,0
Factura,VENTA,F10077,C007,FOL-10077,2025-05-02,2025-05-28,2025-06-01,24008,P10077,2025-05-28,24008,P10077,24008,0
Factura,VENTA,F10078,C007,FOL-10078,2025-05-25,2025-05-28,2025-06-24,21879,P10078,2025-06-20,21879,P10078,21879,0
Factura,VENTA,F10079,C007,FOL-10079,2025-06-23,2025-06-28,2025-07-23,18929,P10079,2025-08-07,18929,P10079,18929,0
Factura,VENTA,F10080,C007,FOL-10080,2025-07-27,2025-07-28,2025-08-26,13294,P10080,2025-09-07,13294,P10080,13294,0
Factura,VENTA,F10081,C007,FOL-10081,2025-08-28,2025-08-28,2025-09-27,8316,P10081,2025-12-15,8316,P10081,8316,0
Factura,VENTA,F10082,C008,FOL-10082,2020-02-08,2020-02-28,2020-03-09,20098,P10082,2020-03-08,20098,P10082,20098,0
Factura,VENTA,F10083,C008,FOL-10083,2020-03-15,2020-03-28,2020-04-14,12176,P10083,2020-06-11,12176,P10083,12176,0
Factura,VENTA,F10084,C008,FOL-10084,2020-04-08,2020-04-28,2020-05-08,19724,P10084,2020-06-27,19724,P10084,19724,0
Factura,VENTA,F10085,C008,FOL-10085,2020-05-13,2020-05-28,2020-06-12,21316,P10085,2020-06-30,21316,P10085,21316,0
Factura,VENTA,F10086,C008,FOL-10086,2020-06-09,2020-06-28,2020-07-09,15757,P10086,2020-07-29,15757,P10086,15757,0
Factura,VENTA,F10087,C008,FOL-10087,2020-07-09,2020-07-28,2020-08-08,21510,P10087,2020-10-29,21510,P10087,21510,0
Factura,VENTA,F10088,C008,FOL-10088,2020-08-12,2020-08-28,2020-09-11,16131,P10088,2020-10-01,16131,P10088,16131,0
Factura,VENTA,F10089,C008,FOL-10089,2020-09-06,2020-09-28,2020-10-06,20535,P10089,2020-10-16,20535,P10089,20535,0
Factura,VENTA,F10090,C008,FOL-10090,2020-10-08,2020-10-28,2020-11-07,14539,P10090,2020-11-16,14539,P10090,14539,0
Factura,VENTA,F10091,C008,FOL-10091,2020-11-09,2020-11-28,2020-12-09,18000,P10091,2020-12-11,18000,P10091,18000,0
Factura,VENTA,F10092,C008,FOL-10092,2020-12-07,2020-12-28,2021-01-06,8775,P10092,2021-01-13,8775,P10092,8775,0
Factura,VENTA,F10093,C008,FOL-10093,2021-01-08,2021-01-28,2021-02-07,17129,P10093,2021-02-26,17129,P10093,17129,0
Factura,VENTA,F10094,C009,FOL-10094,2023-02-08,2023-02-28,2023-03-10,6055,P10094,2023-03-26,6055,P10094,6055,0
Factura,VENTA,F10095,C009,FOL-10095,2023-03-13,2023-03-28,2023-04-12,3512,P10095,2023-04-10,3512,P10095,3512,0
Factura,VENTA,F10096,C009,FOL-10096,2023-04-08,2023-04-28,2023-05-08,2262,P10096,2023-05-11,2262,P10096,2262,0
Factura,VENTA,F10097,C009,FOL-10097,2023-05-04,2023-05-28,2023-06-03,1688,P10097,2023-06-09,1688,P10097,1688,0
Factura,VENTA,F10098,C009,FOL-10098,2023-06-08,2023-06-28,2023-07-08,4374,P10098,2023-07-19,4374,P10098,4374,0
Factura,VENTA,F10099,C009,FOL-10099,2023-07-04,2023-07-28,2023-08-03,3955,P10099,2023-08-04,3955,P10099,3955,0
Factura,VENTA,F10100,C009,FOL-10100,2023-08-06,2023-08-28,2023-09-05,1163,P10100,2023-08-31,1163,P10100,1163,0
Factura,VENTA,F10101,C009,FOL-10101,2023-09-09,2023-09-28,2023-10-09,5210,P10101,2023-10-27,5210,P10101,5210,0
Factura,VENTA,F10102,C009,FOL-10102,2023-10-04,2023-10-28,2023-11-03,3783,P10102,2023-11-19,3783,P10102,3783,0
Factura,VENTA,F10103,C009,FOL-10103,2023-11-05,2023-11-28,2023-12-05,5904,P10103,2023-12-03,5904,P10103,5904,0
Factura,VENTA,F10104,C009,FOL-10104,2023-12-04,2023-12-28,2024-01-03,4954,P10104,2024-01-11,4954,P10104,4954,0
Factura,VENTA,F10105,C009,FOL-10105,2024-01-04,2024-01-28,2024-02-03,4096,P10105,2024-02-15,4096,P10105,4096,0
Factura,VENTA,F10106,C010,FOL-10106,2024-10-20,2024-10-28,2024-11-19,4244,P10106,2024-11-26,4244,P10106,4244,0
Factura,VENTA,F10107,C010,FOL-10107,2024-11-18,2024-11-28,2024-12-18,5842,P10107,2024-12-25,5842,P10107,5842,0
Factura,VENTA,F10108,C010,FOL-10108,2024-12-24,2024-12-28,2025-01-23,803,P10108,2025-01-24,803,P10108,803,0
Factura,VENTA,F10109,C010,FOL-10109,2025-01-21,2025-01-28,2025-02-20,5551,P10109,2025-02-25,5551,P10109,5551,0
Factura,VENTA,F10110,C010,FOL-10110,2025-02-21,2025-02-28,2025-03-23,4419,P10110,2025-03-24,4419,P10110,4419,0
Factura,VENTA,F10111,C010,FOL-10111,2025-03-24,2025-03-28,2025-04-23,4676,P10111,2025-05-13,4676,P10111,4676,0
Factura,VENTA,F10112,C010,FOL-10112,2025-04-17,2025-04-28,2025-05-17,6197,P10112,2025-07-23,6197,P10112,6197,0
Factura,VENTA,F10113,C010,FOL-10113,2025-05-20,2025-05-28,2025-06-19,1565,P10113,2025-07-08,1565,P10113,1565,0
Factura,VENTA,F10114,C010,FOL-10114,2025-06-17,2025-06-28,2025-07-17,6311,P10114,2025-08-06,6311,P10114,6311,0
Factura,VENTA,F10115,C010,FOL-10115,2025-07-17,2025-07-28,2025-08-16,2007,P10115,2025-10-05,2007,P10115,2007,0
Factura,VENTA,F10116,C010,FOL-10116,2025-08-14,2025-08-28,2025-09-13,4530,P10116,2025-09-28,4530,P10116,4530,0
Factura,VENTA,F10117,C010,FOL-10117,2025-09-15,2025-09-28,2025-10-15,6684,P10117,2025-10-25,6684,P10117,6684,0
Factura,VENTA,F10118,C011,FOL-10118,2021-10-01,2021-10-28,2021-10-31,2008,P10118,2021-10-26,2008,P10118,2008,0
Factura,VENTA,F10119,C011,FOL-10119,2021-10-29,2021-10-28,2021-11-28,4282,P10119,2021-12-18,4282,P10119,4282,0
Factura,VENTA,F10120,C011,FOL-10120,2021-12-05,2021-12-28,2022-01-04,4605,P10120,2022-02-23,4605,P10120,4605,0
Factura,VENTA,F10121,C011,FOL-10121,2021-12-28,2021-12-28,2022-01-27,4539,P10121,2022-02-05,4539,P10121,4539,0
Factura,VENTA,F10122,C011,FOL-10122,2022-02-03,2022-02-28,2022-03-05,5378,P10122,2022-03-24,5378,P10122,5378,0
Factura,VENTA,F10123,C011,FOL-10123,2022-03-04,2022-03-28,2022-04-03,5818,P10123,2022-04-14,5818,P10123,5818,0
Factura,VENTA,F10124,C011,FOL-10124,2022-04-02,2022-04-28,2022-05-02,5288,P10124,2022-05-02,5288,P10124,5288,0
Factura,VENTA,F10125,C011,FOL-10125,2022-05-03,2022-05-28,2022-06-02,4486,P10125,2022-06-04,4486,P10125,4486,0
Factura,VENTA,F10126,C011,FOL-10126,2022-05-30,2022-05-28,2022-06-29,5070,P10126,2022-07-01,5070,P10126,5070,0
Factura,VENTA,F10127,C011,FOL-10127,2022-06-29,2022-06-28,2022-07-29,4403,P10127,,0,P10127,0,4403
Factura,VENTA,F10128,C011,FOL-10128,2022-07-30,2022-07-28,2022-08-29,3419,P10128,2022-08-26,3419,P10128,3419,0
Factura,VENTA,F10129,C011,FOL-10129,2022-08-26,2022-08-28,2022-09-25,2035,P10129,2022-10-12,2035,P10129,2035,0
Factura,VENTA,F10130,C012,FOL-10130,2024-07-08,2024-07-28,2024-08-07,1326,P10130,2024-08-12,1326,P10130,1326,0
Factura,VENTA,F10131,C012,FOL-10131,2024-08-12,2024-08-28,2024-09-11,4616,P10131,2024-09-12,4616,P10131,4616,0
Factura,VENTA,F10132,C012,FOL-10132,2024-09-09,2024-09-28,2024-10-09,3990,P10132,2024-10-22,3990,P10132,3990,0
Factura,VENTA,F10133,C012,FOL-10133,2024-10-03,2024-10-28,2024-11-02,5516,P10133,2024-10-28,5516,P10133,5516,0
Factura,VENTA,F10134,C012,FOL-10134,2024-11-07,2024-11-28,2024-12-07,3246,P10134,2024-12-15,3246,P10134,3246,0
Factura,VENTA,F10135,C012,FOL-10135,2024-12-10,2024-12-28,2025-01-09,6923,P10135,2025-01-29,6923,P10135,6923,0
Factura,VENTA,F10136,C012,FOL-10136,2025-01-04,2025-01-28,2025-02-03,4799,P10136,2025-02-11,4799,P10136,4799,0
Factura,VENTA,F10137,C012,FOL-10137,2025-02-07,2025-02-28,2025-03-09,1037,P10137,2025-03-25,1037,P10137,1037,0
Factura,VENTA,F10138,C012,FOL-10138,2025-03-08,2025-03-28,2025-04-07,6732,P10138,2025-04-16,6732,P10138,6732,0
Factura,VENTA,F10139,C012,FOL-10139,2025-04-03,2025-04-28,2025-05-03,5897,P10139,2025-05-10,5897,P10139,5897,0
Factura,VENTA,F10140,C012,FOL-10140,2025-05-01,2025-05-28,2025-05-31,1487,P10140,2025-05-30,1487,P10140,1487,0
Factura,VENTA,F10141,C012,FOL-10141,2025-06-07,2025-06-28,2025-07-07,2288,P10141,,0,P10141,0,2288
Factura,VENTA,F10142,C013,FOL-10142,2021-02-19,2021-02-28,2021-03-21,3564,P10142,2021-03-28,3564,P10142,3564,0
Factura,VENTA,F10143,C013,FOL-10143,2021-03-20,2021-03-28,2021-04-19,6960,P10143,2021-04-27,6960,P10143,6960,0
Factura,VENTA,F10144,C013,FOL-10144,2021-04-19,2021-04-28,2021-05-19,1470,P10144,2021-06-06,1470,P10144,1470,0
Factura,VENTA,F10145,C013,FOL-10145,2021-05-23,2021-05-28,2021-06-22,1226,P10145,2021-06-28,1226,P10145,1226,0
Factura,VENTA,F10146,C013,FOL-10146,2021-06-17,2021-06-28,2021-07-17,6125,P10146,,0,P10146,0,6125
Factura,VENTA,F10147,C013,FOL-10147,2021-07-14,2021-07-28,2021-08-13,2825,P10147,2021-08-08,2825,P10147,2825,0
Factura,VENTA,F10148,C013,FOL-10148,2021-08-15,2021-08-28,2021-09-14,2754,P10148,2021-09-30,2754,P10148,2754,0
Factura,VENTA,F10149,C013,FOL-10149,2021-09-13,2021-09-28,2021-10-13,5420,P10149,2021-10-22,5420,P10149,5420,0
Factura,VENTA,F10150,C013,FOL-10150,2021-10-16,2021-10-28,2021-11-15,3821,P10150,2021-11-29,3821,P10150,3821,0
Factura,VENTA,F10151,C013,FOL-10151,2021-11-12,2021-11-28,2021-12-12,2141,P10151,2021-12-10,2141,P10151,2141,0
Factura,VENTA,F10152,C013,FOL-10152,2021-12-11,2021-12-28,2022-01-10,3355,P10152,2022-01-17,3355,P10152,3355,0
Factura,VENTA,F10153,C013,FOL-10153,2022-01-16,2022-01-28,2022-02-15,6657,P10153,2022-02-28,6657,P10153,6657,0
Factura,VENTA,F10154,C014,FOL-10154,2023-07-03,2023-07-28,2023-08-02,6511,P10154,2023-08-18,6511,P10154,6511,0
Factura,VENTA,F10155,C014,FOL-10155,2023-08-02,2023-08-28,2023-09-01,5436,P10155,2023-09-07,5436,P10155,5436,0
Factura,VENTA,F10156,C014,FOL-10156,2023-09-08,2023-09-28,2023-10-08,4309,P10156,2023-10-05,4309,P10156,4309,0
Factura,VENTA,F10157,C014,FOL-10157,2023-10-08,2023-10-28,2023-11-07,6104,P10157,2023-11-15,6104,P10157,6104,0
Factura,VENTA,F10158,C014,FOL-10158,2023-11-06,2023-11-28,2023-12-06,1664,P10158,2023-12-12,1664,P10158,1664,0
Factura,VENTA,F10159,C014,FOL-10159,2023-12-06,2023-12-28,2024-01-05,6594,P10159,2024-01-05,6594,P10159,6594,0
Factura,VENTA,F10160,C014,FOL-10160,2024-01-06,2024-01-28,2024-02-05,6128,P10160,2024-02-25,6128,P10160,6128,0
Factura,VENTA,F10161,C014,FOL-10161,2024-02-05,2024-02-28,2024-03-06,4760,P10161,2024-03-24,4760,P10161,4760,0
Factura,VENTA,F10162,C014,FOL-10162,2024-03-02,2024-03-28,2024-04-01,3440,P10162,2024-03-29,3440,P10162,3440,0
Factura,VENTA,F10163,C014,FOL-10163,2024-04-01,2024-04-28,2024-05-01,4492,P10163,2024-05-10,4492,P10163,4492,0
Factura,VENTA,F10164,C014,FOL-10164,2024-05-03,2024-05-28,2024-06-02,3555,P10164,,0,P10164,0,3555
Factura,VENTA,F10165,C014,FOL-10165,2024-06-03,2024-06-28,2024-07-03,2537,P10165,2024-07-06,2537,P10165,2537,0
Factura,VENTA,F10166,C015,FOL-10166,2022-06-01,2022-06-28,2022-07-01,5683,P10166,2022-07-04,5683,P10166,5683,0
Factura,VENTA,F10167,C015,FOL-10167,2022-07-05,2022-07-28,2022-08-04,883,P10167,2022-08-05,883,P10167,883,0
Factura,VENTA,F10168,C015,FOL-10168,2022-07-28,2022-07-28,2022-08-27,2777,P10168,2022-09-06,2777,P10168,2777,0
Factura,VENTA,F10169,C015,FOL-10169,2022-09-03,2022-09-28,2022-10-03,2768,P10169,2022-10-18,2768,P10169,2768,0
Factura,VENTA,F10170,C015,FOL-10170,2022-10-02,2022-10-28,2022-11-01,4471,P10170,2022-10-29,4471,P10170,4471,0
Factura,VENTA,F10171,C015,FOL-10171,2022-10-29,2022-10-28,2022-11-28,2615,P10171,2022-11-30,2615,P10171,2615,0
Factura,VENTA,F10172,C015,FOL-10172,2022-11-28,2022-11-28,2022-12-28,6239,P10172,2023-01-07,6239,P10172,6239,0
Factura,VENTA,F10173,C015,FOL-10173,2023-01-01,2023-01-28,2023-01-31,5149,P10173,2023-02-18,5149,P10173,5149,0
Factura,VENTA,F10174,C015,FOL-10174,2023-01-31,2023-01-28,2023-03-02,3509,P10174,2023-03-11,3509,P10174,3509,0
Factura,VENTA,F10175,C015,FOL-10175,2023-02-26,2023-02-28,2023-03-28,3311,P10175,2023-03-26,3311,P10175,3311,0
Factura,VENTA,F10176,C015,FOL-10176,2023-03-27,2023-03-28,2023-04-26,3384,P10176,2023-05-08,3384,P10176,3384,0
Factura,VENTA,F10177,C015,FOL-10177,2023-04-25,2023-04-28,2023-05-25,2369,P10177,2023-06-04,2369,P10177,2369,0
Factura,VENTA,F10178,C016,FOL-10178,2023-02-22,2023-02-28,2023-03-24,5688,P10178,2023-03-22,5688,P10178,5688,0
Factura,VENTA,F10179,C016,FOL-10179,2023-03-19,2023-03-28,2023-04-18,3226,P10179,2023-04-18,3226,P10179,3226,0
Factura,VENTA,F10180,C016,FOL-10180,2023-04-19,2023-04-28,2023-05-19,915,P10180,2023-05-18,915,P10180,915,0
Factura,VENTA,F10181,C016,FOL-10181,2023-05-19,2023-05-28,2023-06-18,1172,P10181,2023-06-30,1172,P10181,1172,0
Factura,VENTA,F10182,C016,FOL-10182,2023-06-18,2023-06-28,2023-07-18,6513,P10182,2023-08-02,6513,P10182,6513,0
Factura,VENTA,F10183,C016,FOL-10183,2023-07-21,2023-07-28,2023-08-20,1640,P10183,2023-09-02,1640,P10183,1640,0
Factura,VENTA,F10184,C016,FOL-10184,2023-08-17,2023-08-28,2023-09-16,4645,P10184,2023-09-21,4645,P10184,4645,0
Factura,VENTA,F10185,C016,FOL-10185,2023-09-14,2023-09-28,2023-10-14,1220,P10185,2023-10-24,1220,P10185,1220,0
Factura,VENTA,F10186,C016,FOL-10186,2023-10-13,2023-10-28,2023-11-12,1335,P10186,2023-11-09,1335,P10186,1335,0
Factura,VENTA,F10187,C016,FOL-10187,2023-11-11,2023-11-28,2023-12-11,2042,P10187,2023-12-24,2042,P10187,2042,0
Factura,VENTA,F10188,C016,FOL-10188,2023-12-15,2023-12-28,2024-01-14,1497,P10188,2024-01-12,1497,P10188,1497,0
Factura,VENTA,F10189,C016,FOL-10189,2024-01-18,2024-01-28,2024-02-17,4209,P10189,2024-03-08,4209,P10189,4209,0
Factura,VENTA,F10190,C017,FOL-10190,2023-09-18,2023-09-28,2023-10-18,3916,P10190,2023-10-27,3916,P10190,3916,0
Factura,VENTA,F10191,C017,FOL-10191,2023-10-14,2023-10-28,2023-11-13,5621,P10191,2023-11-17,5621,P10191,5621,0
Factura,VENTA,F10192,C017,FOL-10192,2023-11-09,2023-11-28,2023-12-09,5794,P10192,2023-12-07,5794,P10192,5794,0
Factura,VENTA,F10193,C017,FOL-10193,2023-12-12,2023-12-28,2024-01-11,5924,P10193,2024-01-27,5924,P10193,5924,0
Factura,VENTA,F10194,C017,FOL-10194,2024-01-09,2024-01-28,2024-02-08,2086,P10194,2024-02-20,2086,P10194,2086,0
Factura,VENTA,F10195,C017,FOL-10195,2024-02-08,2024-02-28,2024-03-09,2082,P10195,2024-05-11,2082,P10195,2082,0
Factura,VENTA,F10196,C017,FOL-10196,2024-03-15,2024-03-28,2024-04-14,3185,P10196,2024-06-06,3185,P10196,3185,0
Factura,VENTA,F10197,C017,FOL-10197,2024-04-14,2024-04-28,2024-05-14,1383,P10197,2024-05-17,1383,P10197,1383,0
Factura,VENTA,F10198,C017,FOL-10198,2024-05-10,2024-05-28,2024-06-09,4282,P10198,2024-06-11,4282,P10198,4282,0
Factura,VENTA,F10199,C017,FOL-10199,2024-06-08,2024-06-28,2024-07-08,2976,P10199,2024-07-05,2976,P10199,2976,0
Factura,VENTA,F10200,C017,FOL-10200,2024-07-06,2024-07-28,2024-08-05,2159,P10200,2024-08-19,2159,P10200,2159,0
Factura,VENTA,F10201,C017,FOL-10201,2024-08-09,2024-08-28,2024-09-08,4397,P10201,2024-09-25,4397,P10201,4397,0
Factura,VENTA,F10202,C018,FOL-10202,2022-10-30,2022-10-28,2022-11-29,3030,P10202,2022-12-09,3030,P10202,3030,0
Factura,VENTA,F10203,C018,FOL-10203,2022-11-30,2022-11-28,2022-12-30,1458,P10203,2023-01-07,1458,P10203,1458,0
Factura,VENTA,F10204,C018,FOL-10204,2022-12-28,2022-12-28,2023-01-27,5745,P10204,2023-01-24,5745,P10204,5745,0
Factura,VENTA,F10205,C018,FOL-10205,2023-01-25,2023-01-28,2023-02-24,6323,P10205,2023-03-09,6323,P10205,6323,0
Factura,VENTA,F10206,C018,FOL-10206,2023-02-21,2023-02-28,2023-03-23,6307,P10206,2023-04-05,6307,P10206,6307,0
Factura,VENTA,F10207,C018,FOL-10207,2023-03-23,2023-03-28,2023-04-22,6995,P10207,2023-05-03,6995,P10207,6995,0
Factura,VENTA,F10208,C018,FOL-10208,2023-04-29,2023-04-28,2023-05-29,3078,P10208,2023-06-11,3078,P10208,3078,0
Factura,VENTA,F10209,C018,FOL-10209,2023-05-28,2023-05-28,2023-06-27,6000,P10209,2023-06-24,6000,P10209,6000,0
Factura,VENTA,F10210,C018,FOL-10210,2023-06-28,2023-06-28,2023-07-28,3650,P10210,2023-08-02,3650,P10210,3650,0
Factura,VENTA,F10211,C018,FOL-10211,2023-07-22,2023-07-28,2023-08-21,2117,P10211,2023-09-07,2117,P10211,2117,0
Factura,VENTA,F10212,C018,FOL-10212,2023-08-27,2023-08-28,2023-09-26,3161,P10212,2023-10-03,3161,P10212,3161,0
Factura,VENTA,F10213,C018,FOL-10213,2023-09-27,2023-09-28,2023-10-27,1100,P10213,2023-11-01,1100,P10213,1100,0
Factura,VENTA,F10214,C019,FOL-10214,2023-05-29,2023-05-28,2023-06-28,1749,P10214,2023-07-05,1749,P10214,1749,0
Factura,VENTA,F10215,C019,FOL-10215,2023-07-01,2023-07-28,2023-07-31,809,P10215,2023-08-12,809,P10215,809,0
Factura,VENTA,F10216,C019,FOL-10216,2023-07-30,2023-07-28,2023-08-29,4185,P10216,,0,P10216,0,4185
Factura,VENTA,F10217,C019,FOL-10217,2023-08-29,2023-08-28,2023-09-28,5923,P10217,2023-09-24,5923,P10217,5923,0
Factura,VENTA,F10218,C019,FOL-10218,2023-09-24,2023-09-28,2023-10-24,2987,P10218,2023-10-28,2987,P10218,2987,0
Factura,VENTA,F10219,C019,FOL-10219,2023-10-28,2023-10-28,2023-11-27,6520,P10219,2023-11-22,6520,P10219,6520,0
Factura,VENTA,F10220,C019,FOL-10220,2023-11-23,2023-11-28,2023-12-23,6614,P10220,2024-01-04,6614,P10220,6614,0
Factura,VENTA,F10221,C019,FOL-10221,2023-12-20,2023-12-28,2024-01-19,5324,P10221,2024-01-21,5324,P10221,5324,0
Factura,VENTA,F10222,C019,FOL-10222,2024-01-20,2024-01-28,2024-02-19,4580,P10222,2024-03-05,4580,P10222,4580,0
Factura,VENTA,F10223,C019,FOL-10223,2024-02-20,2024-02-28,2024-03-21,4882,P10223,2024-03-25,4882,P10223,4882,0
Factura,VENTA,F10224,C019,FOL-10224,2024-03-27,2024-03-28,2024-04-26,6578,P10224,2024-05-06,6578,P10224,6578,0
Factura,VENTA,F10225,C019,FOL-10225,2024-04-25,2024-04-28,2024-05-25,2796,P10225,2024-05-24,2796,P10225,2796,0
Factura,VENTA,F10226,C020,FOL-10226,2021-12-05,2021-12-28,2022-01-04,5710,P10226,2022-01-03,5710,P10226,5710,0
Factura,VENTA,F10227,C020,FOL-10227,2022-01-02,2022-01-28,2022-02-01,3063,P10227,2022-02-09,3063,P10227,3063,0
Factura,VENTA,F10228,C020,FOL-10228,2022-02-05,2022-02-28,2022-03-07,4959,P10228,2022-03-02,4959,P10228,4959,0
Factura,VENTA,F10229,C020,FOL-10229,2022-03-06,2022-03-28,2022-04-05,6747,P10229,2022-04-18,6747,P10229,6747,0
Factura,VENTA,F10230,C020,FOL-10230,2022-04-08,2022-04-28,2022-05-08,2017,P10230,2022-05-18,2017,P10230,2017,0
Factura,VENTA,F10231,C020,FOL-10231,2022-05-06,2022-05-28,2022-06-05,3523,P10231,2022-06-17,3523,P10231,3523,0
Factura,VENTA,F10232,C020,FOL-10232,2022-06-06,2022-06-28,2022-07-06,4530,P10232,2022-07-07,4530,P10232,4530,0
Factura,VENTA,F10233,C020,FOL-10233,2022-07-03,2022-07-28,2022-08-02,5484,P10233,2022-08-21,5484,P10233,5484,0
Factura,VENTA,F10234,C020,FOL-10234,2022-08-05,2022-08-28,2022-09-04,1157,P10234,2022-09-14,1157,P10234,1157,0
Factura,VENTA,F10235,C020,FOL-10235,2022-09-04,2022-09-28,2022-10-04,3962,P10235,2022-10-24,3962,P10235,3962,0
Factura,VENTA,F10236,C020,FOL-10236,2022-09-30,2022-09-28,2022-10-30,4857,P10236,2022-10-29,4857,P10236,4857,0
Factura,VENTA,F10237,C020,FOL-10237,2022-11-05,2022-11-28,2022-12-05,5634,P10237,2022-12-03,5634,P10237,5634,0
Factura,VENTA,F10238,C021,FOL-10238,2021-04-15,2021-04-28,2021-05-15,5108,P10238,2021-05-10,5108,P10238,5108,0
Factura,VENTA,F10239,C021,FOL-10239,2021-05-16,2021-05-28,2021-06-15,4158,P10239,2021-06-14,4158,P10239,4158,0
Factura,VENTA,F10240,C021,FOL-10240,2021-06-14,2021-06-28,2021-07-14,4646,P10240,2021-07-17,4646,P10240,4646,0
Factura,VENTA,F10241,C021,FOL-10241,2021-07-18,2021-07-28,2021-08-17,5905,P10241,2021-09-01,5905,P10241,5905,0
Factura,VENTA,F10242,C021,FOL-10242,2021-08-13,2021-08-28,2021-09-12,3491,P10242,2021-09-24,3491,P10242,3491,0
Factura,VENTA,F10243,C021,FOL-10243,2021-09-17,2021-09-28,2021-10-17,3394,P10243,2021-11-05,3394,P10243,3394,0
Factura,VENTA,F10244,C021,FOL-10244,2021-10-18,2021-10-28,2021-11-17,5232,P10244,,0,P10244,0,5232
Factura,VENTA,F10245,C021,FOL-10245,2021-11-14,2021-11-28,2021-12-14,2663,P10245,2021-12-22,2663,P10245,2663,0
Factura,VENTA,F10246,C021,FOL-10246,2021-12-11,2021-12-28,2022-01-10,5991,P10246,2022-01-08,5991,P10246,5991,0
Factura,VENTA,F10247,C021,FOL-10247,2022-01-16,2022-01-28,2022-02-15,2162,P10247,2022-02-10,2162,P10247,2162,0
Factura,VENTA,F10248,C021,FOL-10248,2022-02-08,2022-02-28,2022-03-10,3457,P10248,2022-03-14,3457,P10248,3457,0
Factura,VENTA,F10249,C021,FOL-10249,2022-03-15,2022-03-28,2022-04-14,3870,P10249,2022-04-16,3870,P10249,3870,0
Factura,VENTA,F10250,C022,FOL-10250,2020-04-13,2020-04-28,2020-05-13,5436,P10250,2020-05-13,5436,P10250,5436,0
Factura,VENTA,F10251,C022,FOL-10251,2020-05-09,2020-05-28,2020-06-08,2234,P10251,,0,P10251,0,2234
Factura,VENTA,F10252,C022,FOL-10252,2020-06-09,2020-06-28,2020-07-09,4876,P10252,2020-07-08,4876,P10252,4876,0
Factura,VENTA,F10253,C022,FOL-10253,2020-07-09,2020-07-28,2020-08-08,4577,P10253,2020-08-17,4577,P10253,4577,0
Factura,VENTA,F10254,C022,FOL-10254,2020-08-09,2020-08-28,2020-09-08,6262,P10254,,0,P10254,0,6262
Factura,VENTA,F10255,C022,FOL-10255,2020-09-08,2020-09-28,2020-10-08,6350,P10255,2020-10-05,6350,P10255,6350,0
Factura,VENTA,F10256,C022,FOL-10256,2020-10-11,2020-10-28,2020-11-10,3630,P10256,2020-11-14,3630,P10256,3630,0
Factura,VENTA,F10257,C022,FOL-10257,2020-11-09,2020-11-28,2020-12-09,6455,P10257,2020-12-13,6455,P10257,6455,0
Factura,VENTA,F10258,C022,FOL-10258,2020-12-06,2020-12-28,2021-01-05,3951,P10258,2021-01-03,3951,P10258,3951,0
Factura,VENTA,F10259,C022,FOL-10259,2021-01-05,2021-01-28,2021-02-04,3924,P10259,2021-02-17,3924,P10259,3924,0
Factura,VENTA,F10260,C022,FOL-10260,2021-02-05,2021-02-28,2021-03-07,6528,P10260,2021-03-23,6528,P10260,6528,0
Factura,VENTA,F10261,C022,FOL-10261,2021-03-09,2021-03-28,2021-04-08,3048,P10261,2021-07-07,3048,P10261,3048,0
Factura,VENTA,F10262,C023,FOL-10262,2025-09-10,2025-09-28,2025-10-10,3144,P10262,2025-10-12,3144,P10262,3144,0
Factura,VENTA,F10263,C023,FOL-10263,2025-10-08,2025-10-28,2025-11-07,2594,P10263,2025-11-21,2594,P10263,2594,0
Factura,VENTA,F10264,C023,FOL-10264,2025-11-06,2025-11-28,2025-12-06,6352,P10264,2025-12-25,6352,P10264,6352,0
Factura,VENTA,F10265,C023,FOL-10265,2025-12-04,2025-12-28,2026-01-03,5946,P10265,2026-03-19,5946,P10265,5946,0
Factura,VENTA,F10266,C023,FOL-10266,2026-01-05,2026-01-28,2026-02-04,4411,P10266,2026-04-03,4411,P10266,4411,0
Factura,VENTA,F10267,C023,FOL-10267,2026-02-01,2026-02-28,2026-03-03,3217,P10267,2026-03-11,3217,P10267,3217,0
Factura,VENTA,F10268,C023,FOL-10268,2026-03-04,2026-03-28,2026-04-03,2444,P10268,2026-04-15,2444,P10268,2444,0
Factura,VENTA,F10269,C023,FOL-10269,2026-04-06,2026-04-28,2026-05-06,5148,P10269,2026-05-09,5148,P10269,5148,0
Factura,VENTA,F10270,C023,FOL-10270,2026-05-03,2026-05-28,2026-06-02,2905,P10270,2026-06-12,2905,P10270,2905,0
Factura,VENTA,F10271,C023,FOL-10271,2026-06-04,2026-06-28,2026-07-04,6915,P10271,2026-07-24,6915,P10271,6915,0
Factura,VENTA,F10272,C024,FOL-10272,2020-12-21,2020-12-28,2021-01-20,1953,P10272,2021-01-22,1953,P10272,1953,0
Factura,VENTA,F10273,C024,FOL-10273,2021-01-25,2021-01-28,2021-02-24,5365,P10273,2021-03-16,5365,P10273,5365,0
Factura,VENTA,F10274,C024,FOL-10274,2021-02-24,2021-02-28,2021-03-26,914,P10274,2021-03-24,914,P10274,914,0
Factura,VENTA,F10275,C024,FOL-10275,2021-03-27,2021-03-28,2021-04-26,3819,P10275,2021-05-12,3819,P10275,3819,0
Factura,VENTA,F10276,C024,FOL-10276,2021-04-23,2021-04-28,2021-05-23,5588,P10276,2021-06-07,5588,P10276,5588,0
Factura,VENTA,F10277,C024,FOL-10277,2021-05-24,2021-05-28,2021-06-23,1687,P10277,2021-07-03,1687,P10277,1687,0
Factura,VENTA,F10278,C024,FOL-10278,2021-06-18,2021-06-28,2021-07-18,5875,P10278,2021-07-30,5875,P10278,5875,0
Factura,VENTA,F10279,C024,FOL-10279,2021-07-23,2021-07-28,2021-08-22,5797,P10279,2021-08-19,5797,P10279,5797,0
Factura,VENTA,F10280,C024,FOL-10280,2021-08-24,2021-08-28,2021-09-23,6543,P10280,2021-10-01,6543,P10280,6543,0
Factura,VENTA,F10281,C024,FOL-10281,2021-09-17,2021-09-28,2021-10-17,1945,P10281,,0,P10281,0,1945
Factura,VENTA,F10282,C024,FOL-10282,2021-10-23,2021-10-28,2021-11-22,1751,P10282,,0,P10282,0,1751
Factura,VENTA,F10283,C024,FOL-10283,2021-11-22,2021-11-28,2021-12-22,3839,P10283,2022-01-09,3839,P10283,3839,0
Factura,VENTA,F10284,C025,FOL-10284,2020-03-07,2020-03-28,2020-04-06,5611,P10284,2020-04-05,5611,P10284,5611,0
Factura,VENTA,F10285,C025,FOL-10285,2020-04-06,2020-04-28,2020-05-06,6165,P10285,2020-07-11,6165,P10285,6165,0
Factura,VENTA,F10286,C025,FOL-10286,2020-05-04,2020-05-28,2020-06-03,1068,P10286,2020-06-04,1068,P10286,1068,0
Factura,VENTA,F10287,C025,FOL-10287,2020-06-06,2020-06-28,2020-07-06,4442,P10287,2020-07-12,4442,P10287,4442,0
Factura,VENTA,F10288,C025,FOL-10288,2020-06-30,2020-06-28,2020-07-30,6417,P10288,2020-08-14,6417,P10288,6417,0
Factura,VENTA,F10289,C025,FOL-10289,2020-08-03,2020-08-28,2020-09-02,1296,P10289,2020-09-03,1296,P10289,1296,0
Factura,VENTA,F10290,C025,FOL-10290,2020-08-29,2020-08-28,2020-09-28,4525,P10290,2020-11-15,4525,P10290,4525,0
Factura,VENTA,F10291,C025,FOL-10291,2020-09-27,2020-09-28,2020-10-27,1214,P10291,2020-10-29,1214,P10291,1214,0
Factura,VENTA,F10292,C025,FOL-10292,2020-10-29,2020-10-28,2020-11-28,5425,P10292,2020-12-17,5425,P10292,5425,0
Factura,VENTA,F10293,C025,FOL-10293,2020-12-04,2020-12-28,2021-01-03,2497,P10293,2021-01-05,2497,P10293,2497,0
Factura,VENTA,F10294,C025,FOL-10294,2020-12-31,2020-12-28,2021-01-30,2008,P10294,2021-02-13,2008,P10294,2008,0
Factura,VENTA,F10295,C025,FOL-10295,2021-01-25,2021-01-28,2021-02-24,3071,P10295,2021-02-23,3071,P10295,3071,0
Factura,VENTA,F10296,C026,FOL-10296,2024-10-14,2024-10-28,2024-11-13,2853,P10296,2024-11-11,2853,P10296,2853,0
Factura,VENTA,F10297,C026,FOL-10297,2024-11-05,2024-11-28,2024-12-05,1879,P10297,2025-02-28,1879,P10297,1879,0
Factura,VENTA,F10298,C026,FOL-10298,2024-12-10,2024-12-28,2025-01-09,929,P10298,2025-01-05,929,P10298,929,0
Factura,VENTA,F10299,C026,FOL-10299,2025-01-06,2025-01-28,2025-02-05,6876,P10299,2025-02-03,6876,P10299,6876,0
Factura,VENTA,F10300,C026,FOL-10300,2025-02-04,2025-02-28,2025-03-06,4701,P10300,2025-03-12,4701,P10300,4701,0
Factura,VENTA,F10301,C026,FOL-10301,2025-03-13,2025-03-28,2025-04-12,5663,P10301,2025-04-23,5663,P10301,5663,0
Factura,VENTA,F10302,C026,FOL-10302,2025-04-07,2025-04-28,2025-05-07,5838,P10302,2025-07-31,5838,P10302,5838,0
Factura,VENTA,F10303,C026,FOL-10303,2025-05-12,2025-05-28,2025-06-11,3270,P10303,2025-06-06,3270,P10303,3270,0
Factura,VENTA,F10304,C026,FOL-10304,2025-06-03,2025-06-28,2025-07-03,4723,P10304,2025-07-11,4723,P10304,4723,0
Factura,VENTA,F10305,C026,FOL-10305,2025-07-04,2025-07-28,2025-08-03,4816,P10305,2025-08-12,4816,P10305,4816,0
Factura,VENTA,F10306,C026,FOL-10306,2025-08-03,2025-08-28,2025-09-02,1461,P10306,2025-09-01,1461,P10306,1461,0
Factura,VENTA,F10307,C026,FOL-10307,2025-09-02,2025-09-28,2025-10-02,1833,P10307,2025-10-17,1833,P10307,1833,0
Factura,VENTA,F10308,C027,FOL-10308,2020-02-01,2020-02-28,2020-03-02,3920,P10308,2020-03-13,3920,P10308,3920,0
Factura,VENTA,F10309,C027,FOL-10309,2020-03-01,2020-03-28,2020-03-31,4516,P10309,2020-04-08,4516,P10309,4516,0
Factura,VENTA,F10310,C027,FOL-10310,2020-03-28,2020-03-28,2020-04-27,6548,P10310,2020-05-12,6548,P10310,6548,0
Factura,VENTA,F10311,C027,FOL-10311,2020-05-04,2020-05-28,2020-06-03,6705,P10311,2020-06-11,6705,P10311,6705,0
Factura,VENTA,F10312,C027,FOL-10312,2020-06-02,2020-06-28,2020-07-02,2671,P10312,2020-07-11,2671,P10312,2671,0
Factura,VENTA,F10313,C027,FOL-10313,2020-07-01,2020-07-28,2020-07-31,4207,P10313,2020-08-05,4207,P10313,4207,0
Factura,VENTA,F10314,C027,FOL-10314,2020-07-31,2020-07-28,2020-08-30,3360,P10314,2020-09-05,3360,P10314,3360,0
Factura,VENTA,F10315,C027,FOL-10315,2020-08-26,2020-08-28,2020-09-25,6426,P10315,2020-09-22,6426,P10315,6426,0
Factura,VENTA,F10316,C027,FOL-10316,2020-09-24,2020-09-28,2020-10-24,1499,P10316,2020-12-04,1499,P10316,1499,0
Factura,VENTA,F10317,C027,FOL-10317,2020-10-28,2020-10-28,2020-11-27,1865,P10317,2020-12-10,1865,P10317,1865,0
Factura,VENTA,F10318,C027,FOL-10318,2020-11-30,2020-11-28,2020-12-30,5401,P10318,2020-12-28,5401,P10318,5401,0
Factura,VENTA,F10319,C027,FOL-10319,2020-12-28,2020-12-28,2021-01-27,3696,P10319,2021-02-15,3696,P10319,3696,0
Factura,VENTA,F10320,C028,FOL-10320,2021-06-24,2021-06-28,2021-07-24,3156,P10320,2021-07-30,3156,P10320,3156,0
Factura,VENTA,F10321,C028,FOL-10321,2021-07-25,2021-07-28,2021-08-24,5534,P10321,2021-08-23,5534,P10321,5534,0
Factura,VENTA,F10322,C028,FOL-10322,2021-08-30,2021-08-28,2021-09-29,2637,P10322,2021-10-05,2637,P10322,2637,0
Factura,VENTA,F10323,C028,FOL-10323,2021-09-30,2021-09-28,2021-10-30,3811,P10323,2021-11-02,3811,P10323,3811,0
Factura,VENTA,F10324,C028,FOL-10324,2021-10-25,2021-10-28,2021-11-24,4315,P10324,2021-12-13,4315,P10324,4315,0
Factura,VENTA,F10325,C028,FOL-10325,2021-11-29,2021-11-28,2021-12-29,1015,P10325,2022-01-14,1015,P10325,1015,0
Factura,VENTA,F10326,C028,FOL-10326,2021-12-25,2021-12-28,2022-01-24,1037,P10326,2022-02-10,1037,P10326,1037,0
Factura,VENTA,F10327,C028,FOL-10327,2022-01-24,2022-01-28,2022-02-23,3583,P10327,2022-02-23,3583,P10327,3583,0
Factura,VENTA,F10328,C028,FOL-10328,2022-02-21,2022-02-28,2022-03-23,5439,P10328,2022-03-20,5439,P10328,5439,0
Factura,VENTA,F10329,C028,FOL-10329,2022-03-23,2022-03-28,2022-04-22,6870,P10329,2022-04-17,6870,P10329,6870,0
Factura,VENTA,F10330,C028,FOL-10330,2022-04-21,2022-04-28,2022-05-21,6912,P10330,2022-05-28,6912,P10330,6912,0
Factura,VENTA,F10331,C028,FOL-10331,2022-05-26,2022-05-28,2022-06-25,4516,P10331,2022-07-01,4516,P10331,4516,0
Factura,VENTA,F10332,C029,FOL-10332,2022-09-28,2022-09-28,2022-10-28,5449,P10332,2022-10-24,5449,P10332,5449,0
Factura,VENTA,F10333,C029,FOL-10333,2022-10-25,2022-10-28,2022-11-24,2089,P10333,2022-11-20,2089,P10333,2089,0
Factura,VENTA,F10334,C029,FOL-10334,2022-11-23,2022-11-28,2022-12-23,3029,P10334,2022-12-31,3029,P10334,3029,0
Factura,VENTA,F10335,C029,FOL-10335,2022-12-29,2022-12-28,2023-01-28,5773,P10335,2023-01-31,5773,P10335,5773,0
Factura,VENTA,F10336,C029,FOL-10336,2023-01-24,2023-01-28,2023-02-23,6984,P10336,2023-03-01,6984,P10336,6984,0
Factura,VENTA,F10337,C029,FOL-10337,2023-02-26,2023-02-28,2023-03-28,1708,P10337,2023-04-13,1708,P10337,1708,0
Factura,VENTA,F10338,C029,FOL-10338,2023-03-29,2023-03-28,2023-04-28,5116,P10338,2023-04-24,5116,P10338,5116,0
Factura,VENTA,F10339,C029,FOL-10339,2023-04-24,2023-04-28,2023-05-24,4037,P10339,2023-05-20,4037,P10339,4037,0
Factura,VENTA,F10340,C029,FOL-10340,2023-05-21,2023-05-28,2023-06-20,2474,P10340,2023-06-21,2474,P10340,2474,0
Factura,VENTA,F10341,C029,FOL-10341,2023-06-22,2023-06-28,2023-07-22,2893,P10341,2023-07-20,2893,P10341,2893,0
Factura,VENTA,F10342,C029,FOL-10342,2023-07-20,2023-07-28,2023-08-19,4874,P10342,2023-08-19,4874,P10342,4874,0
Factura,VENTA,F10343,C029,FOL-10343,2023-08-21,2023-08-28,2023-09-20,3914,P10343,2023-09-22,3914,P10343,3914,0
Factura,VENTA,F10344,C030,FOL-10344,2020-08-19,2020-08-28,2020-09-18,6272,P10344,2020-09-15,6272,P10344,6272,0
Factura,VENTA,F10345,C030,FOL-10345,2020-09-16,2020-09-28,2020-10-16,6878,P10345,,0,P10345,0,6878
Factura,VENTA,F10346,C030,FOL-10346,2020-10-11,2020-10-28,2020-11-10,3364,P10346,2020-11-23,3364,P10346,3364,0
Factura,VENTA,F10347,C030,FOL-10347,2020-11-15,2020-11-28,2020-12-15,6612,P10347,2020-12-19,6612,P10347,6612,0
Factura,VENTA,F10348,C030,FOL-10348,2020-12-10,2020-12-28,2021-01-09,4118,P10348,,0,P10348,0,4118
Factura,VENTA,F10349,C030,FOL-10349,2021-01-15,2021-01-28,2021-02-14,6449,P10349,2021-02-11,6449,P10349,6449,0
Factura,VENTA,F10350,C030,FOL-10350,2021-02-13,2021-02-28,2021-03-15,1667,P10350,2021-03-28,1667,P10350,1667,0
Factura,VENTA,F10351,C030,FOL-10351,2021-03-15,2021-03-28,2021-04-14,5092,P10351,,0,P10351,0,5092
Factura,VENTA,F10352,C030,FOL-10352,2021-04-13,2021-04-28,2021-05-13,2615,P10352,2021-05-13,2615,P10352,2615,0
Factura,VENTA,F10353,C030,FOL-10353,2021-05-09,2021-05-28,2021-06-08,4981,P10353,2021-06-19,4981,P10353,4981,0
Factura,VENTA,F10354,C030,FOL-10354,2021-06-15,2021-06-28,2021-07-15,2388,P10354,2021-07-21,2388,P10354,2388,0
Factura,VENTA,F10355,C030,FOL-10355,2021-07-12,2021-07-28,2021-08-11,6758,P10355,2021-08-26,6758,P10355,6758,0
Factura,VENTA,F10356,C031,FOL-10356,2024-07-29,2024-07-28,2024-08-28,1642,P10356,2024-08-29,1642,P10356,1642,0
Factura,VENTA,F10357,C031,FOL-10357,2024-08-27,2024-08-28,2024-09-26,5734,P10357,2024-10-15,5734,P10357,5734,0
Factura,VENTA,F10358,C031,FOL-10358,2024-09-25,2024-09-28,2024-10-25,2251,P10358,2024-11-09,2251,P10358,2251,0
Factura,VENTA,F10359,C031,FOL-10359,2024-10-31,2024-10-28,2024-11-30,4600,P10359,2024-12-19,4600,P10359,4600,0
Factura,VENTA,F10360,C031,FOL-10360,2024-11-30,2024-11-28,2024-12-30,6379,P10360,2025-01-12,6379,P10360,6379,0
Factura,VENTA,F10361,C031,FOL-10361,2024-12-28,2024-12-28,2025-01-27,5938,P10361,2025-02-05,5938,P10361,5938,0
Factura,VENTA,F10362,C031,FOL-10362,2025-01-23,2025-01-28,2025-02-22,4641,P10362,2025-02-26,4641,P10362,4641,0
Factura,VENTA,F10363,C031,FOL-10363,2025-02-25,2025-02-28,2025-03-27,5644,P10363,,0,P10363,0,5644
Factura,VENTA,F10364,C031,FOL-10364,2025-03-30,2025-03-28,2025-04-29,4502,P10364,2025-06-26,4502,P10364,4502,0
Factura,VENTA,F10365,C031,FOL-10365,2025-04-23,2025-04-28,2025-05-23,6081,P10365,2025-05-20,6081,P10365,6081,0
Factura,VENTA,F10366,C031,FOL-10366,2025-05-30,2025-05-28,2025-06-29,3949,P10366,2025-07-11,3949,P10366,3949,0
Factura,VENTA,F10367,C031,FOL-10367,2025-06-21,2025-06-28,2025-07-21,4484,P10367,2025-08-03,4484,P10367,4484,0
Factura,VENTA,F10368,C032,FOL-10368,2024-02-15,2024-02-28,2024-03-16,5756,P10368,2024-03-15,5756,P10368,5756,0
Factura,VENTA,F10369,C032,FOL-10369,2024-03-11,2024-03-28,2024-04-10,4490,P10369,2024-04-15,4490,P10369,4490,0
Factura,VENTA,F10370,C032,FOL-10370,2024-04-11,2024-04-28,2024-05-11,4933,P10370,2024-05-07,4933,P10370,4933,0
Factura,VENTA,F10371,C032,FOL-10371,2024-05-13,2024-05-28,2024-06-12,6596,P10371,2024-06-21,6596,P10371,6596,0
Factura,VENTA,F10372,C032,FOL-10372,2024-06-17,2024-06-28,2024-07-17,5082,P10372,2024-07-23,5082,P10372,5082,0
Factura,VENTA,F10373,C032,FOL-10373,2024-07-14,2024-07-28,2024-08-13,3117,P10373,2024-09-01,3117,P10373,3117,0
Factura,VENTA,F10374,C032,FOL-10374,2024-08-13,2024-08-28,2024-09-12,6361,P10374,2024-10-02,6361,P10374,6361,0
Factura,VENTA,F10375,C032,FOL-10375,2024-09-12,2024-09-28,2024-10-12,1339,P10375,2024-10-24,1339,P10375,1339,0
Factura,VENTA,F10376,C032,FOL-10376,2024-10-13,2024-10-28,2024-11-12,3127,P10376,2024-11-28,3127,P10376,3127,0
Factura,VENTA,F10377,C032,FOL-10377,2024-11-08,2024-11-28,2024-12-08,3530,P10377,,0,P10377,0,3530
Factura,VENTA,F10378,C032,FOL-10378,2024-12-11,2024-12-28,2025-01-10,3341,P10378,2025-01-27,3341,P10378,3341,0
Factura,VENTA,F10379,C032,FOL-10379,2025-01-11,2025-01-28,2025-02-10,1856,P10379,2025-02-07,1856,P10379,1856,0
Factura,VENTA,F10380,C033,FOL-10380,2022-10-09,2022-10-28,2022-11-08,3885,P10380,2022-11-13,3885,P10380,3885,0
Factura,VENTA,F10381,C033,FOL-10381,2022-11-02,2022-11-28,2022-12-02,6289,P10381,2022-12-20,6289,P10381,6289,0
Factura,VENTA,F10382,C033,FOL-10382,2022-12-08,2022-12-28,2023-01-07,1565,P10382,2023-01-15,1565,P10382,1565,0
Factura,VENTA,F10383,C033,FOL-10383,2023-01-07,2023-01-28,2023-02-06,3764,P10383,,0,P10383,0,3764
Factura,VENTA,F10384,C033,FOL-10384,2023-02-01,2023-02-28,2023-03-03,3599,P10384,2023-03-13,3599,P10384,3599,0
Factura,VENTA,F10385,C033,FOL-10385,2023-03-03,2023-03-28,2023-04-02,2655,P10385,2023-04-01,2655,P10385,2655,0
Factura,VENTA,F10386,C033,FOL-10386,2023-03-31,2023-03-28,2023-04-30,3223,P10386,2023-04-28,3223,P10386,3223,0
Factura,VENTA,F10387,C033,FOL-10387,2023-05-07,2023-05-28,2023-06-06,5221,P10387,2023-06-17,5221,P10387,5221,0
Factura,VENTA,F10388,C033,FOL-10388,2023-05-29,2023-05-28,2023-06-28,6222,P10388,2023-07-17,6222,P10388,6222,0
Factura,VENTA,F10389,C033,FOL-10389,2023-06-30,2023-06-28,2023-07-30,5692,P10389,2023-07-30,5692,P10389,5692,0
Factura,VENTA,F10390,C033,FOL-10390,2023-07-30,2023-07-28,2023-08-29,6475,P10390,2023-09-18,6475,P10390,6475,0
Factura,VENTA,F10391,C033,FOL-10391,2023-08-29,2023-08-28,2023-09-28,6707,P10391,2023-10-06,6707,P10391,6707,0
Factura,VENTA,F10392,C034,FOL-10392,2022-02-22,2022-02-28,2022-03-24,4438,P10392,2022-04-12,4438,P10392,4438,0
Factura,VENTA,F10393,C034,FOL-10393,2022-03-28,2022-03-28,2022-04-27,2716,P10393,2022-05-01,2716,P10393,2716,0
Factura,VENTA,F10394,C034,FOL-10394,2022-04-27,2022-04-28,2022-05-27,2389,P10394,2022-06-09,2389,P10394,2389,0
Factura,VENTA,F10395,C034,FOL-10395,2022-05-27,2022-05-28,2022-06-26,4582,P10395,2022-07-15,4582,P10395,4582,0
Factura,VENTA,F10396,C034,FOL-10396,2022-06-25,2022-06-28,2022-07-25,4919,P10396,2022-07-25,4919,P10396,4919,0
Factura,VENTA,F10397,C034,FOL-10397,2022-07-22,2022-07-28,2022-08-21,5753,P10397,2022-08-24,5753,P10397,5753,0
Factura,VENTA,F10398,C034,FOL-10398,2022-08-18,2022-08-28,2022-09-17,6052,P10398,2022-09-23,6052,P10398,6052,0
Factura,VENTA,F10399,C034,FOL-10399,2022-09-25,2022-09-28,2022-10-25,1640,P10399,2022-11-05,1640,P10399,1640,0
Factura,VENTA,F10400,C034,FOL-10400,2022-10-18,2022-10-28,2022-11-17,3135,P10400,,0,P10400,0,3135
Factura,VENTA,F10401,C034,FOL-10401,2022-11-24,2022-11-28,2022-12-24,2007,P10401,2022-12-21,2007,P10401,2007,0
Factura,VENTA,F10402,C034,FOL-10402,2022-12-19,2022-12-28,2023-01-18,4495,P10402,2023-01-13,4495,P10402,4495,0
Factura,VENTA,F10403,C034,FOL-10403,2023-01-21,2023-01-28,2023-02-20,1236,P10403,2023-02-26,1236,P10403,1236,0
Factura,VENTA,F10404,C035,FOL-10404,2023-08-06,2023-08-28,2023-09-05,1468,P10404,2023-08-31,1468,P10404,1468,0
Factura,VENTA,F10405,C035,FOL-10405,2023-09-04,2023-09-28,2023-10-04,1611,P10405,2023-10-19,1611,P10405,1611,0
Factura,VENTA,F10406,C035,FOL-10406,2023-10-04,2023-10-28,2023-11-03,1996,P10406,2023-11-07,1996,P10406,1996,0
Factura,VENTA,F10407,C035,FOL-10407,2023-11-05,2023-11-28,2023-12-05,6502,P10407,2023-12-24,6502,P10407,6502,0
Factura,VENTA,F10408,C035,FOL-10408,2023-12-05,2023-12-28,2024-01-04,4474,P10408,2024-01-01,4474,P10408,4474,0
Factura,VENTA,F10409,C035,FOL-10409,2023-12-28,2023-12-28,2024-01-27,2896,P10409,2024-01-26,2896,P10409,2896,0
Factura,VENTA,F10410,C035,FOL-10410,2024-02-04,2024-02-28,2024-03-05,6757,P10410,2024-03-13,6757,P10410,6757,0
Factura,VENTA,F10411,C035,FOL-10411,2024-02-27,2024-02-28,2024-03-28,3160,P10411,2024-03-26,3160,P10411,3160,0
Factura,VENTA,F10412,C035,FOL-10412,2024-03-27,2024-03-28,2024-04-26,2753,P10412,2024-05-16,2753,P10412,2753,0
Factura,VENTA,F10413,C035,FOL-10413,2024-05-03,2024-05-28,2024-06-02,1314,P10413,2024-06-12,1314,P10413,1314,0
Factura,VENTA,F10414,C035,FOL-10414,2024-06-03,2024-06-28,2024-07-03,934,P10414,2024-07-16,934,P10414,934,0
Factura,VENTA,F10415,C035,FOL-10415,2024-06-28,2024-06-28,2024-07-28,6686,P10415,2024-08-05,6686,P10415,6686,0
Factura,VENTA,F10416,C036,FOL-10416,2026-03-21,2026-03-28,2026-04-20,2770,P10416,2026-04-20,2770,P10416,2770,0
Factura,VENTA,F10417,C036,FOL-10417,2026-04-16,2026-04-28,2026-05-16,5088,P10417,2026-05-13,5088,P10417,5088,0
Factura,VENTA,F10418,C036,FOL-10418,2026-05-23,2026-05-28,2026-06-22,5257,P10418,2026-07-03,5257,P10418,5257,0
Factura,VENTA,F10419,C037,FOL-10419,2026-01-04,2026-01-28,2026-02-03,4651,P10419,2026-04-03,4651,P10419,4651,0
Factura,VENTA,F10420,C037,FOL-10420,2026-02-01,2026-02-28,2026-03-03,6922,P10420,,0,P10420,0,6922
Factura,VENTA,F10421,C037,FOL-10421,2026-03-02,2026-03-28,2026-04-01,6804,P10421,2026-03-30,6804,P10421,6804,0
Factura,VENTA,F10422,C037,FOL-10422,2026-04-03,2026-04-28,2026-05-03,1892,P10422,,0,P10422,0,1892
Factura,VENTA,F10423,C037,FOL-10423,2026-04-30,2026-04-28,2026-05-30,6408,P10423,2026-06-16,6408,P10423,6408,0
Factura,VENTA,F10424,C037,FOL-10424,2026-06-04,2026-06-28,2026-07-04,5975,P10424,2026-07-03,5975,P10424,5975,0
Factura,VENTA,F10425,C038,FOL-10425,2021-02-02,2021-02-28,2021-03-04,3203,P10425,2021-03-24,3203,P10425,3203,0
Factura,VENTA,F10426,C038,FOL-10426,2021-03-07,2021-03-28,2021-04-06,1143,P10426,2021-04-10,1143,P10426,1143,0
Factura,VENTA,F10427,C038,FOL-10427,2021-04-11,2021-04-28,2021-05-11,4062,P10427,2021-05-23,4062,P10427,4062,0
Factura,VENTA,F10428,C038,FOL-10428,2021-05-10,2021-05-28,2021-06-09,2875,P10428,,0,P10428,0,2875
Factura,VENTA,F10429,C038,FOL-10429,2021-06-07,2021-06-28,2021-07-07,1191,P10429,2021-07-12,1191,P10429,1191,0
Factura,VENTA,F10430,C038,FOL-10430,2021-07-06,2021-07-28,2021-08-05,1819,P10430,2021-08-13,1819,P10430,1819,0
Factura,VENTA,F10431,C038,FOL-10431,2021-08-07,2021-08-28,2021-09-06,6889,P10431,2021-09-13,6889,P10431,6889,0
Factura,VENTA,F10432,C038,FOL-10432,2021-09-05,2021-09-28,2021-10-05,2330,P10432,2021-10-15,2330,P10432,2330,0
Factura,VENTA,F10433,C038,FOL-10433,2021-10-05,2021-10-28,2021-11-04,5053,P10433,2021-11-01,5053,P10433,5053,0
Factura,VENTA,F10434,C038,FOL-10434,2021-11-05,2021-11-28,2021-12-05,1446,P10434,2021-12-05,1446,P10434,1446,0
Factura,VENTA,F10435,C038,FOL-10435,2021-12-07,2021-12-28,2022-01-06,3206,P10435,2022-01-03,3206,P10435,3206,0
Factura,VENTA,F10436,C038,FOL-10436,2022-01-03,2022-01-28,2022-02-02,6214,P10436,2022-02-11,6214,P10436,6214,0
Factura,VENTA,F10437,C039,FOL-10437,2021-06-13,2021-06-28,2021-07-13,6450,P10437,2021-07-22,6450,P10437,6450,0
Factura,VENTA,F10438,C039,FOL-10438,2021-07-11,2021-07-28,2021-08-10,6754,P10438,2021-08-16,6754,P10438,6754,0
Factura,VENTA,F10439,C039,FOL-10439,2021-08-16,2021-08-28,2021-09-15,3049,P10439,2021-10-05,3049,P10439,3049,0
Factura,VENTA,F10440,C039,FOL-10440,2021-09-09,2021-09-28,2021-10-09,1414,P10440,2021-10-16,1414,P10440,1414,0
Factura,VENTA,F10441,C039,FOL-10441,2021-10-14,2021-10-28,2021-11-13,5003,P10441,2021-11-29,5003,P10441,5003,0
Factura,VENTA,F10442,C039,FOL-10442,2021-11-10,2021-11-28,2021-12-10,1055,P10442,2021-12-24,1055,P10442,1055,0
Factura,VENTA,F10443,C039,FOL-10443,2021-12-15,2021-12-28,2022-01-14,1085,P10443,2022-01-16,1085,P10443,1085,0
Factura,VENTA,F10444,C039,FOL-10444,2022-01-12,2022-01-28,2022-02-11,3766,P10444,2022-02-24,3766,P10444,3766,0
Factura,VENTA,F10445,C039,FOL-10445,2022-02-06,2022-02-28,2022-03-08,5756,P10445,2022-03-17,5756,P10445,5756,0
Factura,VENTA,F10446,C039,FOL-10446,2022-03-13,2022-03-28,2022-04-12,3847,P10446,2022-04-09,3847,P10446,3847,0
Factura,VENTA,F10447,C039,FOL-10447,2022-04-09,2022-04-28,2022-05-09,5137,P10447,2022-05-14,5137,P10447,5137,0
Factura,VENTA,F10448,C039,FOL-10448,2022-05-11,2022-05-28,2022-06-10,2844,P10448,2022-06-05,2844,P10448,2844,0
Factura,VENTA,F10449,C040,FOL-10449,2024-02-26,2024-02-28,2024-03-27,5041,P10449,2024-04-08,5041,P10449,5041,0
Factura,VENTA,F10450,C040,FOL-10450,2024-03-21,2024-03-28,2024-04-20,2944,P10450,2024-05-07,2944,P10450,2944,0
Factura,VENTA,F10451,C040,FOL-10451,2024-04-26,2024-04-28,2024-05-26,2557,P10451,2024-05-30,2557,P10451,2557,0
Factura,VENTA,F10452,C040,FOL-10452,2024-05-26,2024-05-28,2024-06-25,2439,P10452,2024-06-22,2439,P10452,2439,0
Factura,VENTA,F10453,C040,FOL-10453,2024-06-25,2024-06-28,2024-07-25,2214,P10453,2024-08-03,2214,P10453,2214,0
Factura,VENTA,F10454,C040,FOL-10454,2024-07-19,2024-07-28,2024-08-18,6386,P10454,2024-08-23,6386,P10454,6386,0
Factura,VENTA,F10455,C040,FOL-10455,2024-08-22,2024-08-28,2024-09-21,6612,P10455,,0,P10455,0,6612
Factura,VENTA,F10456,C040,FOL-10456,2024-09-20,2024-09-28,2024-10-20,2090,P10456,2024-11-06,2090,P10456,2090,0
Factura,VENTA,F10457,C040,FOL-10457,2024-10-18,2024-10-28,2024-11-17,3761,P10457,2024-11-15,3761,P10457,3761,0
Factura,VENTA,F10458,C040,FOL-10458,2024-11-18,2024-11-28,2024-12-18,1937,P10458,2024-12-28,1937,P10458,1937,0
Factura,VENTA,F10459,C040,FOL-10459,2024-12-15,2024-12-28,2025-01-14,3756,P10459,2025-01-20,3756,P10459,3756,0
Factura,VENTA,F10460,C040,FOL-10460,2025-01-21,2025-01-28,2025-02-20,5319,P10460,2025-02-17,5319,P10460,5319,0
